Method,Dataset_Size,Workers,Execution_Time,Throughput,Speedup,Processed_Records,Clear_Count,Cloudy_Count,Rain_Count,Hot_Count
Sequential,10000,1,0.0027964115142822266,3576011.595191406,1.0,10000,6828,1839,469,864
Threading,10000,2,0.00440669059753418,2269276.632581291,0.634583130444192,10000,6828,1839,469,864
Multiprocessing,10000,2,0.16689562797546387,59917.687007775596,0.016755450985770224,10000,6828,1839,469,864
Threading,10000,4,0.00390625,2560000.0,0.71588134765625,10000,6828,1839,469,864
Multiprocessing,10000,4,0.21908187866210938,45645.03491145897,0.012764230119621807,10000,6828,1839,469,864
Threading,10000,8,0.00481724739074707,2075874.28854244,0.5804998762682504,10000,6828,1839,469,864
Multiprocessing,10000,8,0.24963092803955078,40059.13881959222,0.01120218370473378,10000,6828,1839,469,864
Sequential,50000,1,0.012723207473754883,3929826.6654174086,1.0,50000,34383,9180,2345,4092
Threading,50000,2,0.013370752334594727,3739505.358321,0.9515700504627236,50000,34383,9180,2345,4092
Multiprocessing,50000,2,0.18331193923950195,272759.1023663421,0.06940741299524235,50000,34383,9180,2345,4092
Threading,50000,4,0.013299226760864258,3759617.0739140566,0.9566877610655958,50000,34383,9180,2345,4092
Multiprocessing,50000,4,0.24200129508972168,206610.4645492189,0.0525749561341718,50000,34383,9180,2345,4092
Threading,50000,8,0.017096519470214844,2924571.874825682,0.744198694706309,50000,34383,9180,2345,4092
Multiprocessing,50000,8,0.2858288288116455,174929.87046785554,0.04451338070639186,50000,34383,9180,2345,4092
Sequential,100000,1,0.02611374855041504,3829400.4327620994,1.0,100000,68539,18564,4709,8188
Threading,100000,2,0.026899337768554688,3717563.638942069,0.9707952208749911,100000,68539,18564,4709,8188
Multiprocessing,100000,2,0.25923871994018555,385744.84561207955,0.10073243902932515,100000,68539,18564,4709,8188
Threading,100000,4,0.026777029037475586,3734544.2565732654,0.9752294966655092,100000,68539,18564,4709,8188
Multiprocessing,100000,4,0.27746152877807617,360410.3258581251,0.09411664624432227,100000,68539,18564,4709,8188
Threading,100000,8,0.02822399139404297,3543084.9805710423,0.9252323027538436,100000,68539,18564,4709,8188
Multiprocessing,100000,8,0.32151341438293457,311029.0131810682,0.0812213344209414,100000,68539,18564,4709,8188
